Fragment_length	CCGG-CCGG

4	86
5	54
6	139
7	95
8	124
9	1141
10	68
11	502
12	212
13	69
14	131
15	58
16	198
17	100
18	132
19	132
20	121
21	113
22	224
23	66
24	172
25	180
26	58
27	306
28	65
29	121
30	129
31	115
32	122
33	118
34	96
35	175
36	128
37	47
38	82
39	92
40	72
41	140
42	91
43	56
44	121
45	106
46	51
47	55
48	51
49	64
50	46
51	97
52	80
53	122
54	125
55	54
56	126
57	133
58	122
59	52
60	62
61	59
62	54
63	58
64	65
65	33
66	77
67	167
68	170
69	63
70	49
71	45
72	119
73	105
74	61
75	65
76	112
77	38
78	50
79	53
80	49
81	68
82	39
83	37
84	58
85	29
86	57
87	43
88	60
89	62
90	48
91	37
92	128
93	48
94	34
95	37
96	27
97	44
98	44
99	34
100	42
101	39
102	39
103	36
104	38
105	53
106	27
107	30
108	61
109	44
110	23
111	29
112	30
113	21
114	26
115	42
116	30
117	42
118	28
119	40
120	34
121	44
122	40
123	52
124	43
125	36
126	43
127	37
128	27
129	53
130	62
131	49
132	54
133	62
134	47
135	27
136	57
137	37
138	27
139	22
140	30
141	51
142	21
143	29
144	25
145	33
146	35
147	33
148	42
149	35
150	30
151	39
152	38
153	45
154	28
155	34
156	32
157	38
158	27
159	37
160	36
161	24
162	30
163	28
164	31
165	32
166	37
167	39
168	38
169	38
170	37
171	28
172	44
173	40
174	54
175	30
176	75
177	26
178	35
179	39
180	35
181	57
182	61
183	43
184	44
185	34
186	57
187	47
188	45
189	38
190	47
191	21
192	38
193	46
194	35
195	55
196	45
197	30
198	29
199	27
200	31
201	32
202	35
203	33
204	34
205	41
206	35
207	22
208	29
209	42
210	46
211	35
212	48
213	48
214	22
215	24
216	30
217	35
218	21
219	24
220	24
221	21
222	17
223	31
224	25
225	25
226	32
227	27
228	31
229	48
230	25
231	19
232	32
233	33
234	14
235	20
236	20
237	31
238	20
239	31
240	24
241	31
242	29
243	24
244	30
245	25
246	21
247	25
248	20
249	24
250	24
251	42
252	31
253	33
254	9
255	20
256	26
257	24
258	27
259	23
260	32
261	21
262	16
263	28
264	30
265	32
266	30
267	34
268	50
269	26
270	23
271	23
272	23
273	17
274	22
275	19
276	49
277	25
278	28
279	29
280	22
281	15
282	21
283	27
284	15
285	25
286	28
287	29
288	21
289	20
290	20
291	21
292	14
293	20
294	25
295	4
296	12
297	17
298	26
299	18
300	23
301	15
302	21
303	24
304	14
305	30
306	24
307	23
308	15
309	23
310	21
311	12
312	13
313	14
314	16
315	24
316	16
317	11
318	16
319	20
320	12
321	17
322	10
323	18
324	9
325	33
326	17
327	21
328	14
329	19
330	24
331	16
332	20
333	18
334	14
335	19
336	19
337	33
338	22
339	13
340	21
341	18
342	17
343	21
344	19
345	15
346	16
347	15
348	18
349	13
350	23
351	20
352	21
353	17
354	19
355	20
356	13
357	12
358	15
359	13
360	21
361	25
362	20
363	11
364	15
365	9
366	11
367	8
368	15
369	20
370	16
371	14
372	18
373	17
374	13
375	25
376	23
377	15
378	17
379	20
380	18
381	14
382	21
383	18
384	15
385	13
386	17
387	8
388	17
389	15
390	15
391	13
392	14
393	14
394	15
395	15
396	12
397	13
398	16
399	21
400	8
401	17
402	14
403	18
404	14
405	16
406	19
407	15
408	16
409	16
410	9
411	11
412	14
413	31
414	24
415	30
416	18
417	18
418	19
419	28
420	16
421	35
422	15
423	18
424	13
425	24
426	15
427	18
428	18
429	16
430	14
431	8
432	12
433	14
434	21
435	22
436	19
437	25
438	21
439	16
440	11
441	17
442	14
443	11
444	15
445	19
446	16
447	31
448	17
449	23
450	15
451	14
452	19
453	15
454	15
455	15
456	17
457	24
458	9
459	16
460	16
461	14
462	17
463	25
464	14
465	10
466	9
467	12
468	17
469	15
470	19
471	16
472	17
473	19
474	22
475	29
476	19
477	19
478	17
479	19
480	15
481	17
482	20
483	24
484	19
485	15
486	10
487	21
488	14
489	12
490	12
491	26
492	10
493	16
494	8
495	12
496	15
497	18
498	19
499	15
500	14
501	9
502	18
503	14
504	16
505	15
506	15
507	8
508	12
509	11
510	10
511	19
512	8
513	9
514	7
515	8
516	13
517	16
518	11
519	25
520	13
521	16
522	15
523	11
524	22
525	13
526	16
527	6
528	9
529	12
530	2
531	17
532	12
533	15
534	20
535	13
536	11
537	11
538	7
539	14
540	10
541	8
542	16
543	11
544	17
545	12
546	15
547	8
548	7
549	13
550	7
551	9
552	13
553	13
554	13
555	7
556	12
557	12
558	13
559	8
560	15
561	15
562	9
563	12
564	12
565	8
566	6
567	7
568	12
569	14
570	10
571	10
572	13
573	12
574	9
575	13
576	27
577	16
578	22
579	9
580	18
581	11
582	16
583	18
584	11
585	3
586	12
587	4
588	12
589	8
590	7
591	14
592	16
593	9
594	7
595	16
596	6
597	9
598	13
599	14
600	12
601	13
602	16
603	12
604	10
605	7
606	11
607	13
608	12
609	7
610	7
611	15
612	11
613	10
614	11
615	17
616	13
617	8
618	13
619	7
620	13
621	16
622	11
623	14
624	11
625	16
626	9
627	7
628	13
629	14
630	8
631	12
632	11
633	6
634	13
635	15
636	11
637	13
638	9
639	10
640	8
641	7
642	4
643	7
644	7
645	8
646	7
647	7
648	9
649	17
650	8
651	12
652	10
653	11
654	7
655	7
656	6
657	16
658	15
659	13
660	15
661	9
662	12
663	15
664	13
665	8
666	14
667	11
668	8
669	13
670	14
671	14
672	13
673	9
674	15
675	16
676	8
677	18
678	13
679	9
680	7
681	7
682	8
683	16
684	8
685	11
686	20
687	14
688	17
689	12
690	7
691	9
692	17
693	9
694	6
695	8
696	9
697	10
698	9
699	8
700	9
701	17
702	10
703	10
704	13
705	9
706	8
707	8
708	7
709	12
710	21
711	13
712	6
713	13
714	33
715	7
716	10
717	5
718	12
719	5
720	9
721	7
722	9
723	5
724	12
725	7
726	9
727	8
728	14
729	6
730	7
731	9
732	9
733	7
734	9
735	15
736	9
737	10
738	13
739	8
740	11
741	8
742	11
743	14
744	15
745	5
746	5
747	5
748	7
749	12
750	6
751	8
752	14
753	14
754	10
755	8
756	10
757	7
758	13
759	8
760	10
761	11
762	5
763	11
764	11
765	10
766	6
767	12
768	8
769	11
770	15
771	14
772	8
773	26
774	8
775	13
776	7
777	12
778	9
779	5
780	10
781	6
782	8
783	7
784	4
785	10
786	9
787	3
788	8
789	11
790	8
791	11
792	6
793	9
794	11
795	9
796	4
797	8
798	8
799	9
800	8
801	9
802	6
803	10
804	6
805	13
806	9
807	9
808	18
809	6
810	9
811	9
812	10
813	17
814	16
815	6
816	5
817	6
818	10
819	7
820	6
821	2
822	10
823	11
824	13
825	9
826	6
827	11
828	14
829	8
830	8
831	16
832	4
833	4
834	7
835	8
836	5
837	6
838	6
839	4
840	4
841	6
842	11
843	6
844	14
845	7
846	7
847	10
848	8
849	10
850	8
851	8
852	10
853	5
854	11
855	4
856	8
857	7
858	8
859	6
860	5
861	10
862	5
863	14
864	8
865	6
866	9
867	13
868	9
869	8
870	10
871	5
872	7
873	8
874	10
875	7
876	9
877	13
878	9
879	6
880	5
881	8
882	7
883	4
884	9
885	12
886	3
887	8
888	6
889	14
890	7
891	11
892	9
893	5
894	7
895	8
896	5
897	4
898	9
899	11
900	9
901	12
902	9
903	8
904	9
905	3
906	11
907	8
908	8
909	4
910	7
911	14
912	5
913	6
914	10
915	12
916	7
917	14
918	6
919	7
920	14
921	3
922	8
923	9
924	9
925	10
926	7
927	7
928	2
929	9
930	7
931	4
932	5
933	11
934	5
935	7
936	3
937	9
938	10
939	4
940	14
941	8
942	7
943	3
944	6
945	8
946	3
947	10
948	2
949	6
950	9
951	8
952	7
953	9
954	5
955	7
956	10
957	7
958	4
959	11
960	6
961	7
962	7
963	9
964	12
965	5
966	7
967	7
968	5
969	2
970	5
971	1
972	13
973	4
974	12
975	13
976	8
977	10
978	8
979	6
980	5
981	9
982	8
983	9
984	14
985	2
986	5
987	11
988	7
989	4
990	6
991	7
992	7
993	7
994	7
995	8
996	9
997	13
998	5
999	7
1000	7
1001	10
1002	9
1003	5
1004	3
1005	5
1006	14
1007	8
1008	6
1009	10
1010	4
1011	5
1012	10
1013	7
1014	8
1015	7
1016	8
1017	13
1018	11
1019	6
1020	7
1021	5
1022	3
1023	4
1024	9
1025	10
1026	7
1027	4
1028	7
1029	4
1030	3
1031	7
1032	10
1033	8
1034	8
1035	6
1036	7
1037	10
1038	12
1039	3
1040	7
1041	7
1042	5
1043	7
1044	7
1045	7
1046	6
1047	5
1048	6
1049	7
1050	2
1051	4
1052	6
1053	7
1054	9
1055	7
1056	5
1057	5
1058	7
1059	2
1060	2
1061	5
1062	4
1063	6
1064	9
1065	11
1066	4
1067	4
1068	8
1069	9
1070	7
1071	10
1072	7
1073	14
1074	5
1075	3
1076	9
1077	11
1078	4
1079	4
1080	5
1081	5
1082	5
1083	7
1084	6
1085	5
1086	4
1087	6
1088	7
1089	6
1090	7
1091	6
1092	6
1093	8
1094	9
1095	4
1096	10
1097	6
1098	3
1099	11
1100	4
1101	3
1102	9
1103	5
1104	4
1105	8
1106	7
1107	4
1108	5
1109	6
1110	8
1111	6
1112	8
1113	8
1114	5
1115	8
1116	8
1117	5
1118	6
1119	9
1120	9
1121	6
1122	7
1123	3
1124	8
1125	5
1126	7
1127	4
1128	8
1129	3
1130	6
1131	7
1132	4
1133	2
1134	8
1135	7
1136	6
1137	5
1138	5
1139	2
1140	9
1141	5
1142	2
1143	2
1144	5
1145	4
1146	7
1147	4
1148	9
1149	8
1150	7
1151	5
1152	4
1153	6
1154	5
1155	2
1156	6
1157	7
1158	6
1159	8
1160	9
1161	8
1162	7
1163	3
1164	7
1165	6
1166	5
1167	5
1168	5
1169	7
1170	6
1171	9
1172	6
1173	4
1174	1
1175	11
1176	4
1177	8
1178	1
1179	5
1180	3
1181	2
1182	5
1183	7
1184	6
1185	5
1186	4
1187	8
1188	5
1189	11
1190	8
1191	6
1192	3
1193	5
1194	6
1195	6
1196	6
1197	5
1198	6
1199	4
1200	8
1201	3
1202	3
1203	5
1204	3
1205	4
1206	9
1207	4
1208	6
1209	6
1210	2
1211	7
1212	5
1213	2
1214	2
1215	5
1216	9
1217	8
1218	6
1219	7
1220	1
1221	11
1222	4
1223	3
1224	5
1225	7
1226	3
1227	7
1228	6
1229	7
1230	3
1231	10
1232	6
1233	4
1234	4
1235	4
1236	6
1237	2
1238	3
1239	12
1240	1
1241	8
1242	6
1243	6
1244	7
1245	9
1246	7
1247	7
1248	7
1249	4
1250	2
1251	6
1252	6
1253	4
1254	6
1255	2
1256	3
1257	4
1258	7
1259	8
1260	5
1261	5
1262	5
1263	5
1264	7
1265	2
1266	6
1267	5
1268	5
1269	8
1270	3
1271	3
1272	1
1273	2
1274	6
1275	4
1276	7
1277	8
1278	3
1279	7
1280	3
1281	7
1282	4
1283	7
1284	8
1285	7
1286	5
1287	4
1288	2
1289	4
1290	3
1291	10
1292	5
1293	3
1294	6
1295	2
1296	1
1297	10
1298	6
1299	3
1300	6
1301	8
1302	4
1303	1
1304	4
1305	4
1306	6
1307	5
1308	4
1309	9
1310	3
1311	3
1312	2
1313	8
1314	3
1315	5
1316	2
1317	2
1318	2
1319	5
1320	8
1321	6
1322	4
1323	3
1324	4
1325	5
1326	3
1327	2
1328	5
1329	7
1330	5
1331	3
1332	2
1333	3
1334	3
1335	8
1336	3
1337	7
1338	3
1340	5
1341	5
1342	6
1343	3
1344	5
1345	4
1346	3
1348	4
1349	6
1350	1
1351	5
1352	3
1353	6
1354	3
1355	5
1356	5
1357	4
1358	3
1359	5
1360	5
1361	4
1362	8
1363	5
1364	2
1365	3
1366	4
1367	8
1368	8
1369	5
1370	2
1371	4
1372	4
1373	4
1374	4
1375	2
1376	8
1377	3
1378	1
1379	5
1380	4
1381	3
1382	10
1383	3
1384	5
1385	4
1386	5
1387	5
1388	5
1389	5
1390	6
1391	5
1392	2
1393	4
1394	5
1395	5
1396	5
1397	1
1398	5
1399	6
1400	4
1401	7
1402	6
1403	9
1404	6
1405	6
1406	4
1407	4
1408	4
1409	7
1410	7
1411	3
1412	2
1413	6
1414	6
1415	3
1417	2
1418	3
1419	3
1420	7
1421	3
1422	7
1423	5
1424	4
1425	1
1426	4
1427	7
1428	2
1429	6
1430	6
1431	3
1432	4
1433	4
1434	4
1435	2
1436	5
1437	2
1438	6
1439	4
1441	6
1442	1
1443	2
1444	4
1445	2
1446	3
1447	1
1448	5
1449	2
1450	1
1451	5
1452	1
1453	2
1454	5
1455	5
1456	5
1457	3
1458	4
1459	6
1460	7
1461	5
1462	2
1463	2
1464	8
1465	5
1466	4
1467	8
1468	4
1469	3
1470	7
1471	7
1472	6
1473	2
1474	4
1475	5
1476	5
1477	5
1478	4
1479	5
1480	4
1481	6
1482	7
1483	4
1484	6
1485	2
1486	4
1487	4
1488	3
1489	3
1490	3
1491	4
1492	2
1493	2
1494	5
1495	3
1496	2
1497	7
1498	8
1499	3
1500	3
1501	6
1502	7
1503	1
1504	4
1505	2
1506	1
1507	6
1508	5
1509	3
1510	4
1511	1
1512	2
1513	2
1514	2
1515	6
1516	6
1517	5
1518	9
1519	2
1520	1
1521	4
1522	3
1523	1
1524	2
1525	3
1526	4
1527	2
1528	3
1529	3
1530	3
1531	3
1532	5
1533	7
1534	4
1535	2
1536	3
1537	5
1538	2
1539	3
1540	6
1541	3
1542	2
1543	3
1544	2
1545	3
1546	3
1547	7
1548	2
1549	1
1550	3
1551	3
1552	1
1553	5
1554	3
1555	2
1556	3
1557	4
1558	11
1559	3
1560	6
1561	5
1562	3
1563	3
1565	6
1566	4
1567	2
1568	7
1569	1
1570	1
1571	1
1572	4
1573	4
1574	2
1575	3
1576	2
1577	1
1578	7
1579	3
1580	2
1581	2
1582	2
1583	3
1584	3
1585	1
1586	5
1587	5
1588	5
1589	7
1590	6
1591	3
1592	4
1593	2
1594	8
1595	1
1596	1
1597	4
1598	2
1599	1
1600	4
1601	3
1602	4
1603	6
1604	7
1605	3
1606	1
1607	2
1608	4
1609	10
1610	6
1611	9
1612	3
1613	2
1614	6
1615	3
1616	2
1617	3
1618	4
1619	4
1620	1
1621	3
1622	3
1623	3
1624	5
1625	3
1626	5
1627	6
1628	5
1630	5
1631	3
1632	4
1633	3
1634	4
1635	1
1636	2
1637	4
1638	5
1640	5
1642	4
1643	7
1644	5
1645	5
1646	6
1647	1
1648	1
1649	2
1651	1
1652	5
1653	3
1654	2
1655	2
1656	2
1657	3
1658	3
1659	4
1660	4
1661	7
1662	2
1663	6
1664	1
1665	5
1666	4
1667	1
1668	2
1669	5
1670	6
1671	3
1672	6
1673	7
1674	1
1675	2
1676	8
1677	3
1678	5
1679	4
1680	6
1681	9
1682	3
1684	5
1685	5
1686	3
1687	4
1688	5
1689	3
1690	4
1691	2
1692	4
1693	3
1694	3
1695	2
1696	4
1697	5
1698	1
1699	3
1700	2
1701	7
1702	1
1703	4
1704	4
1705	4
1706	4
1707	3
1708	4
1709	7
1710	7
1711	1
1712	2
1713	1
1714	2
1715	2
1716	4
1717	3
1718	5
1719	3
1720	1
1721	2
1722	1
1723	5
1724	1
1725	1
1726	4
1727	3
1728	7
1729	3
1730	4
1731	5
1732	3
1734	5
1735	5
1736	2
1737	3
1738	5
1739	2
1740	1
1741	3
1742	4
1743	3
1744	4
1745	5
1746	2
1747	1
1748	4
1749	4
1750	4
1752	1
1753	3
1754	3
1755	4
1756	2
1757	2
1758	5
1759	5
1760	5
1761	2
1762	2
1764	4
1765	5
1766	4
1767	2
1768	1
1769	3
1770	5
1771	2
1772	5
1773	3
1774	6
1775	4
1776	2
1777	5
1778	4
1779	3
1780	2
1781	2
1782	4
1783	1
1784	5
1785	1
1786	2
1787	3
1788	4
1789	2
1790	5
1791	2
1792	4
1793	2
1794	4
1796	4
1797	2
1798	4
1799	5
1800	4
1801	3
1803	3
1804	9
1805	4
1806	2
1807	1
1808	1
1809	7
1810	3
1811	2
1812	1
1813	2
1814	4
1816	6
1817	2
1818	2
1819	5
1820	4
1821	5
1822	5
1823	2
1824	4
1825	2
1827	2
1828	5
1829	3
1830	2
1831	5
1832	2
1833	3
1834	3
1835	1
1837	4
1838	3
1839	6
1840	2
1841	2
1842	1
1843	5
1845	4
1846	7
1847	2
1848	3
1849	5
1850	4
1851	3
1852	1
1853	5
1854	3
1855	3
1856	4
1857	3
1858	3
1859	1
1860	3
1861	4
1862	3
1863	3
1864	1
1865	6
1866	1
1867	1
1870	1
1871	3
1872	2
1873	3
1874	2
1876	6
1878	3
1879	5
1880	2
1881	2
1882	3
1883	4
1884	7
1885	2
1887	1
1888	4
1889	1
1890	3
1891	6
1892	3
1893	1
1894	5
1895	3
1896	3
1897	3
1899	3
1900	4
1901	2
1902	1
1903	3
1905	2
1906	1
1907	2
1908	1
1909	2
1910	3
1911	2
1912	1
1913	4
1914	4
1915	4
1916	4
1917	5
1918	1
1919	3
1920	2
1921	2
1922	1
1923	6
1924	3
1925	1
1926	3
1928	2
1931	4
1932	3
1933	5
1934	1
1935	2
1936	4
1937	1
1938	1
1940	4
1941	1
1942	2
1943	5
1944	1
1945	2
1946	3
1947	1
1949	1
1950	3
1951	4
1955	2
1956	1
1957	1
1958	4
1959	3
1960	3
1961	1
1962	2
1963	3
1964	2
1965	3
1966	1
1967	3
1968	2
1969	4
1970	2
1971	5
1972	7
1973	3
1974	4
1975	5
1976	1
1977	3
1978	3
1979	3
1980	1
1981	1
1982	1
1983	4
1984	1
1986	2
1987	3
1988	2
1989	3
1990	1
1991	2
1992	2
1993	2
1994	1
1995	3
1996	2
1997	6
1998	1
1999	3
2000	4
2001	1
2002	4
2003	1
2004	3
2006	3
2007	4
2008	3
2009	1
2010	3
2011	4
2012	2
2013	2
2014	3
2015	2
2016	1
2017	4
2018	1
2019	1
2020	3
2021	4
2022	3
2023	2
2024	1
2025	1
2026	4
2027	3
2028	2
2029	2
2031	4
2032	2
2033	1
2034	1
2035	1
2037	1
2038	2
2040	2
2041	3
2042	4
2043	1
2044	1
2045	1
2047	1
2048	5
2049	3
2050	3
2051	2
2052	2
2053	2
2054	1
2055	3
2056	2
2057	1
2058	2
2059	3
2060	2
2061	3
2062	3
2063	1
2064	3
2065	5
2066	1
2067	1
2068	4
2070	4
2071	4
2072	2
2073	2
2074	2
2075	2
2076	2
2077	3
2078	4
2079	1
2080	1
2081	1
2082	2
2083	1
2084	1
2085	1
2086	3
2087	2
2088	3
2089	2
2090	1
2091	3
2092	2
2093	1
2094	1
2095	1
2096	3
2097	1
2098	3
2099	3
2100	3
2101	2
2102	2
2103	1
2104	1
2105	1
2106	1
2107	1
2108	2
2109	1
2110	2
2111	2
2112	4
2113	3
2114	4
2115	2
2116	2
2117	2
2118	4
2119	4
2120	1
2121	3
2122	2
2123	5
2124	2
2125	2
2126	2
2127	2
2128	3
2130	2
2132	1
2133	3
2134	1
2135	2
2136	3
2137	1
2138	2
2139	1
2140	1
2142	1
2143	3
2144	1
2145	1
2146	2
2147	2
2148	2
2149	1
2150	4
2151	3
2152	3
2153	4
2154	1
2155	2
2156	3
2157	4
2158	2
2159	4
2160	4
2161	4
2162	3
2163	2
2164	1
2165	1
2166	3
2167	2
2168	2
2170	1
2171	3
2173	1
2174	3
2175	4
2176	1
2177	2
2178	1
2179	4
2180	1
2182	4
2184	1
2187	7
2189	5
2190	3
2191	3
2192	3
2193	2
2194	4
2196	4
2197	1
2198	2
2199	1
2200	1
2201	6
2202	1
2203	2
2204	1
2206	2
2207	2
2208	3
2210	5
2211	1
2212	2
2213	4
2214	1
2216	2
2217	4
2218	1
2219	4
2220	5
2222	1
2223	2
2224	2
2225	2
2226	1
2227	1
2228	1
2229	2
2230	3
2231	2
2232	4
2233	3
2234	1
2235	4
2236	2
2237	2
2238	1
2239	1
2240	3
2241	1
2242	1
2243	4
2244	2
2246	4
2247	1
2248	2
2249	3
2250	2
2252	3
2253	3
2254	1
2255	1
2256	3
2257	1
2259	3
2260	2
2261	3
2262	1
2263	2
2264	1
2265	2
2266	3
2267	2
2268	4
2269	4
2270	3
2271	5
2273	2
2275	1
2276	2
2277	3
2278	2
2279	2
2280	2
2281	1
2283	2
2284	3
2286	1
2287	1
2289	1
2290	2
2291	6
2292	3
2293	1
2296	2
2297	1
2298	4
2299	1
2300	2
2301	2
2302	2
2304	7
2307	3
2308	1
2309	2
2310	3
2311	2
2313	1
2314	1
2315	1
2317	2
2318	1
2319	4
2321	1
2322	1
2324	1
2326	2
2327	6
2328	4
2329	1
2330	3
2331	1
2333	1
2334	2
2335	3
2336	1
2337	1
2339	1
2340	3
2341	2
2342	1
2343	1
2344	2
2345	4
2346	1
2347	2
2348	4
2349	1
2350	3
2351	2
2352	4
2353	3
2354	3
2355	1
2357	2
2358	1
2359	1
2360	2
2361	3
2362	1
2363	5
2364	3
2365	3
2366	1
2367	3
2368	1
2369	1
2370	2
2372	1
2373	5
2374	1
2375	4
2376	3
2377	1
2378	2
2379	3
2380	1
2382	1
2384	2
2385	2
2386	1
2387	1
2388	2
2389	1
2390	2
2391	1
2393	2
2394	2
2395	2
2396	4
2397	2
2399	5
2401	2
2402	2
2403	2
2404	2
2405	2
2406	1
2407	1
2408	2
2409	2
2410	4
2412	3
2414	4
2415	1
2416	1
2417	2
2418	2
2419	3
2421	2
2422	1
2423	1
2424	2
2425	1
2427	2
2428	3
2429	2
2430	2
2431	1
2432	1
2433	3
2434	1
2435	2
2436	2
2437	1
2438	3
2440	3
2441	2
2442	2
2443	2
2444	4
2445	3
2446	1
2447	1
2449	2
2450	1
2451	2
2452	3
2455	3
2456	1
2458	3
2459	1
2460	4
2462	3
2463	2
2464	1
2465	2
2466	1
2468	2
2469	1
2470	1
2474	1
2475	4
2476	1
2477	2
2478	3
2479	1
2481	2
2482	3
2483	2
2486	2
2487	2
2490	3
2491	2
2492	3
2496	2
2497	1
2500	2
2501	1
2502	1
2504	2
2507	1
2509	2
2510	4
2511	1
2512	1
2514	1
2515	4
2516	4
2517	4
2518	6
2520	2
2521	1
2522	3
2523	1
2524	2
2525	4
2526	4
2527	1
2528	1
2529	3
2530	1
2532	2
2533	1
2534	3
2535	1
2536	1
2537	4
2538	2
2540	2
2541	2
2542	1
2544	5
2547	2
2548	1
2549	2
2550	2
2551	2
2553	4
2554	2
2556	1
2557	1
2558	1
2559	1
2560	1
2562	1
2563	2
2564	1
2565	2
2566	1
2567	2
2569	1
2570	1
2571	1
2573	1
2575	1
2576	3
2577	3
2578	3
2579	1
2580	1
2581	1
2582	2
2583	2
2584	1
2585	1
2586	2
2587	1
2589	3
2591	1
2594	1
2595	1
2596	2
2597	1
2598	1
2600	1
2602	1
2603	3
2604	1
2605	2
2607	1
2608	2
2609	2
2610	1
2612	2
2613	1
2614	1
2615	1
2617	4
2619	3
2620	3
2622	3
2623	1
2624	3
2625	2
2627	1
2628	2
2632	1
2633	4
2635	4
2636	1
2638	2
2640	1
2642	2
2643	1
2644	1
2645	2
2646	3
2647	2
2648	4
2649	1
2651	1
2652	2
2653	1
2654	1
2656	3
2657	1
2658	3
2659	1
2662	1
2663	1
2664	2
2665	1
2666	2
2667	1
2670	4
2671	1
2672	1
2673	3
2675	2
2678	2
2679	2
2680	1
2681	1
2682	2
2683	1
2684	1
2685	1
2686	3
2687	2
2688	1
2689	1
2691	1
2692	2
2696	1
2699	2
2700	3
2701	3
2705	1
2706	1
2708	1
2709	3
2711	3
2713	1
2714	2
2716	1
2717	1
2718	3
2719	1
2720	2
2721	1
2723	1
2724	1
2725	1
2728	6
2729	2
2731	2
2732	1
2734	2
2736	3
2737	1
2738	2
2739	4
2740	1
2742	1
2743	1
2744	2
2746	1
2750	2
2751	1
2754	2
2756	2
2758	2
2760	1
2762	4
2764	2
2765	1
2766	1
2768	2
2770	1
2771	2
2773	1
2774	1
2775	2
2776	1
2777	4
2778	3
2779	1
2780	2
2781	1
2783	2
2784	2
2785	2
2786	3
2787	1
2788	3
2789	1
2790	2
2793	1
2794	1
2796	2
2797	1
2798	1
2800	1
2804	1
2805	1
2806	1
2807	2
2808	1
2809	1
2811	2
2815	1
2816	1
2817	1
2819	2
2822	3
2823	3
2824	1
2825	2
2826	1
2828	2
2832	1
2833	2
2836	1
2837	1
2838	2
2839	3
2840	1
2841	2
2842	2
2843	3
2844	1
2845	4
2846	2
2848	1
2851	1
2855	2
2856	1
2857	3
2859	1
2861	3
2862	2
2863	1
2865	1
2866	1
2868	2
2870	1
2871	1
2872	1
2873	2
2874	1
2875	1
2877	2
2878	1
2879	1
2880	1
2881	1
2882	2
2883	2
2885	1
2888	1
2889	2
2892	2
2895	2
2896	1
2897	1
2899	1
2900	2
2901	1
2902	1
2903	1
2906	3
2907	1
2908	2
2909	3
2914	3
2915	1
2916	2
2917	1
2918	1
2919	3
2921	1
2922	1
2923	2
2924	1
2927	1
2928	1
2929	1
2933	2
2934	1
2935	2
2936	1
2937	1
2939	1
2940	2
2941	1
2942	1
2944	3
2945	1
2946	1
2947	1
2948	1
2949	4
2950	3
2952	2
2953	2
2954	1
2957	2
2961	1
2963	1
2965	2
2966	4
2968	1
2969	1
2970	1
2972	3
2974	1
2976	1
2977	2
2980	1
2981	1
2983	1
2985	2
2987	1
2988	1
2989	1
2991	1
2992	2
2995	1
2997	1
3000	1
3004	4
3005	1
3007	1
3008	2
3010	2
3011	1
3012	1
3013	1
3015	2
3017	3
3019	2
3024	2
3025	1
3026	1
3027	1
3028	1
3029	1
3030	1
3031	2
3032	1
3033	1
3036	1
3038	3
3039	1
3040	1
3041	2
3044	1
3045	1
3047	1
3049	1
3051	2
3052	1
3053	1
3057	2
3058	1
3060	1
3061	1
3062	2
3064	1
3065	1
3067	1
3068	1
3069	1
3070	2
3071	1
3072	1
3076	1
3078	3
3080	2
3081	2
3086	1
3088	1
3090	1
3094	1
3098	1
3099	1
3104	2
3105	1
3107	1
3108	1
3109	1
3112	4
3113	1
3114	1
3115	1
3117	1
3124	1
3125	2
3126	2
3128	1
3129	3
3130	1
3131	2
3132	1
3133	2
3134	2
3135	1
3137	1
3141	1
3143	2
3145	1
3147	1
3148	1
3150	1
3153	3
3155	1
3156	1
3159	2
3160	4
3161	1
3162	1
3163	1
3165	1
3167	1
3169	1
3173	1
3176	1
3177	3
3178	1
3180	1
3184	2
3185	1
3187	2
3189	2
3190	3
3192	1
3193	1
3194	1
3195	2
3197	2
3198	1
3200	2
3202	1
3204	1
3205	1
3207	1
3209	1
3213	1
3214	2
3215	2
3217	1
3223	1
3225	1
3227	1
3228	3
3229	1
3230	1
3231	1
3233	1
3239	1
3241	2
3242	1
3243	1
3245	1
3246	1
3251	2
3252	4
3253	1
3254	1
3255	1
3258	1
3261	1
3262	1
3264	1
3265	3
3266	1
3268	1
3269	1
3270	1
3272	1
3273	1
3278	2
3284	2
3285	2
3286	2
3289	2
3290	1
3292	1
3297	3
3299	1
3300	2
3303	1
3305	1
3308	1
3309	1
3310	2
3311	1
3312	2
3313	2
3315	1
3317	1
3321	2
3322	2
3326	2
3332	1
3334	1
3336	1
3337	1
3340	1
3341	1
3344	1
3345	2
3349	1
3350	2
3351	2
3352	1
3358	2
3362	1
3363	1
3364	1
3365	1
3368	1
3370	1
3373	3
3375	1
3378	1
3386	1
3387	2
3388	1
3389	1
3392	1
3393	3
3394	1
3396	1
3397	1
3398	1
3399	1
3403	1
3404	1
3405	2
3408	1
3409	3
3412	1
3413	1
3415	1
3417	1
3422	1
3425	1
3427	2
3428	1
3429	2
3430	2
3431	1
3432	2
3434	1
3441	1
3445	2
3450	1
3454	1
3455	1
3456	2
3459	2
3461	1
3464	1
3466	1
3467	1
3468	2
3469	1
3471	2
3475	1
3476	1
3478	1
3479	1
3480	2
3481	1
3483	1
3485	1
3488	1
3489	2
3501	1
3505	1
3506	2
3510	1
3512	1
3514	1
3515	3
3517	2
3518	1
3520	3
3524	1
3527	1
3529	1
3531	1
3533	1
3534	2
3535	2
3539	1
3542	1
3544	1
3546	1
3548	1
3549	2
3559	2
3564	2
3566	1
3572	1
3579	1
3581	1
3584	1
3587	3
3591	1
3593	1
3594	1
3603	1
3604	1
3605	1
3606	3
3607	2
3609	1
3610	2
3611	2
3615	1
3616	1
3617	1
3621	1
3625	1
3626	1
3627	2
3630	1
3631	1
3636	1
3639	1
3643	1
3645	2
3646	1
3648	1
3650	2
3651	1
3652	1
3654	2
3655	1
3657	1
3658	1
3665	2
3666	1
3670	1
3674	1
3675	1
3678	2
3681	2
3684	2
3685	1
3687	2
3688	1
3689	1
3691	1
3692	1
3695	1
3697	1
3698	1
3700	1
3707	2
3710	1
3717	2
3718	2
3725	1
3730	2
3734	1
3737	1
3741	2
3749	1
3750	1
3752	1
3753	1
3755	1
3757	2
3760	1
3762	1
3763	1
3764	1
3766	1
3767	1
3771	1
3773	1
3777	1
3778	1
3779	1
3780	3
3781	2
3785	1
3787	1
3790	1
3791	1
3799	1
3804	1
3806	1
3808	2
3810	1
3812	1
3814	1
3815	1
3818	2
3819	1
3824	1
3825	2
3826	1
3828	1
3829	1
3831	1
3841	1
3845	2
3847	1
3848	1
3850	1
3853	1
3854	1
3858	1
3862	1
3863	1
3873	2
3874	1
3875	1
3876	2
3877	1
3879	1
3881	1
3886	1
3891	1
3903	1
3911	1
3913	1
3915	1
3917	1
3919	2
3920	1
3928	2
3935	3
3938	1
3939	1
3949	2
3961	1
3970	1
3975	1
3976	2
3977	1
3980	1
3981	1
3982	1
3987	2
3991	1
3995	1
3997	2
3998	1
4002	1
4003	1
4004	1
4013	1
4014	2
4015	1
4016	1
4018	1
4021	1
4025	1
4028	1
4034	1
4036	1
4040	1
4041	1
4045	2
4050	1
4051	1
4053	1
4057	1
4064	1
4066	1
4068	1
4069	1
4070	1
4072	1
4074	1
4082	2
4090	1
4094	2
4095	1
4098	2
4102	2
4103	1
4106	1
4116	1
4117	1
4119	1
4121	2
4132	1
4133	1
4135	1
4136	2
4140	2
4141	1
4142	1
4160	1
4163	1
4176	1
4178	1
4179	1
4185	1
4188	1
4189	2
4191	2
4196	1
4204	1
4208	1
4210	1
4217	2
4218	1
4222	1
4223	2
4226	1
4228	1
4235	1
4237	2
4241	1
4244	2
4249	1
4250	1
4254	1
4259	1
4261	1
4262	1
4273	1
4274	1
4276	1
4278	1
4279	1
4282	1
4288	1
4291	1
4292	2
4294	1
4296	1
4298	2
4299	1
4300	1
4303	1
4305	2
4310	2
4311	1
4317	1
4324	1
4331	2
4332	1
4336	1
4340	1
4341	1
4342	1
4343	2
4350	1
4352	1
4354	2
4358	1
4363	1
4366	1
4367	1
4369	1
4373	1
4376	1
4380	2
4382	1
4384	1
4386	1
4391	1
4393	1
4395	1
4398	1
4400	1
4405	1
4408	1
4419	1
4423	1
4433	2
4434	1
4435	1
4444	1
4446	1
4449	1
4453	1
4465	1
4470	1
4474	1
4475	1
4477	2
4478	1
4483	1
4488	1
4490	1
4493	1
4498	1
4501	1
4507	1
4513	1
4517	1
4523	1
4529	1
4536	1
4543	1
4547	1
4548	1
4551	1
4555	1
4556	1
4558	1
4559	1
4564	1
4565	1
4569	1
4574	1
4575	1
4576	1
4582	1
4584	1
4588	1
4595	1
4599	1
4605	1
4610	1
4614	1
4623	1
4624	1
4632	1
4654	2
4661	1
4665	2
4667	1
4684	1
4704	1
4705	1
4721	1
4723	1
4729	1
4731	1
4747	1
4759	1
4760	1
4765	1
4770	1
4775	1
4787	1
4792	1
4794	1
4795	1
4808	1
4819	1
4821	1
4829	1
4834	1
4835	1
4843	1
4847	1
4853	1
4862	1
4872	1
4875	1
4881	1
4887	1
4891	1
4901	1
4902	1
4909	1
4925	1
4949	1
4956	1
4974	2
4983	1
4985	1
4990	1
4993	1
4998	1
5000	1
5014	2
5027	1
5028	1
5042	1
5063	1
5065	1
5066	1
5071	1
5072	1
5076	1
5079	1
5083	2
5099	1
5100	1
5102	1
5119	1
5126	1
5133	1
5148	1
5151	1
5152	1
5164	1
5168	1
5176	1
5187	1
5189	1
5192	1
5201	1
5210	1
5237	1
5245	1
5253	1
5259	1
5267	1
5284	1
5302	1
5304	1
5312	1
5324	1
5329	2
5350	1
5351	1
5366	1
5378	1
5383	1
5387	1
5401	2
5405	1
5416	1
5461	1
5468	1
5481	2
5487	1
5503	1
5518	1
5521	1
5530	1
5553	1
5564	1
5583	1
5590	1
5612	1
5623	1
5655	1
5657	1
5704	1
5705	1
5714	1
5718	1
5730	1
5735	1
5747	1
5756	1
5762	1
5771	1
5772	1
5774	1
5777	1
5787	1
5797	2
5803	1
5809	1
5817	1
5831	1
5842	1
5883	1
5900	1
5908	1
5947	1
5976	1
5979	1
5981	1
6021	1
6024	1
6053	1
6064	1
6107	1
6131	1
6157	1
6206	1
6214	1
6220	1
6225	2
6314	1
6342	1
6355	1
6375	1
6391	1
6396	1
6399	1
6431	1
6497	1
6499	1
6502	1
6534	1
6601	1
6626	1
6666	1
6677	1
6702	1
6732	1
6748	1
6757	1
6808	1
6826	1
6874	1
6904	1
7017	1
7019	1
7031	1
7052	1
7102	1
7224	1
7269	1
7308	1
7384	1
7531	1
7573	1
7587	1
8233	1
8463	1
8623	1
9017	1
9363	1
10132	1
11628	1
15162	1
34511	1